{"cameraMode":{"drawMode":0,"name":"Shaded","section":"Shading Mode"},"sceneLighting":true,"audioPlay":false,"sceneViewState":{"showFog":true,"showMaterialUpdate":true,"showSkybox":true,"showFlares":true,"showImageEffects":true,"showParticleSystems":true},"in2DMode":false,"pivot":{"x":9.894317626953125,"y":7.058197021484375,"z":-11.537385940551758},"rotation":{"x":0.4631085991859436,"y":-0.0013294521486386657,"z":0.0006946645444259048,"w":0.8863002061843872},"size":9.447020530700684,"orthographic":false}